{
    "type": "minecraft:crafting_shaped",
    "pattern": [
        "cdc",
        "bgb",
        "sds"
    ],
    "key": {
        "g": {
            "item": "alloyedguns:advanced_gun_kit"
        },
        "d": {
            "item": "minecraft:diamond"
        },
        "c": {
            "item": "create:copper_sheet"
        },
        "b": {
            "item": "create:brass_sheet"
        },
        "s": {
            "item": "alloyed:steel_sheet"
        }
    },
    "result": {
        "item": "alloyedguns:advanced_gun_kit",
        "count": 2
    }
}