{
    "type": "minecraft:crafting_shaped",
    "pattern": [
        "gdg",
        "sGs",
        "bdb"
    ],
    "key": {
        "G": {
            "item": "alloyedguns:complex_gun_kit"
        },
        "d": {
            "item": "minecraft:diamond"
        },
        "g": {
            "item": "create:golden_sheet"
        },
        "b": {
            "item": "create:brass_sheet"
        },
        "s": {
            "item": "create:sturdy_sheet"
        }
    },
    "result": {
        "item": "alloyedguns:complex_gun_kit",
        "count": 2
    }
}